# 30 种常见花的故事扩写稿（300-400 字，|| 分段：出处概述/情节展开/寓意彩蛋）
梅花	《诗经》时代梅还只是果木，南朝陆凯却已折梅赠友，写下"折梅逢驿使，寄与陇头人"的佳话，梅从此与书信、思念结缘。宋代是咏梅巅峰：林逋隐居西湖孤山，植梅养鹤，留下"梅妻鹤子"的雅号；王安石"遥知不是雪，为有暗香来"、陆游"零落成泥碾作尘，只有香如故"，把梅从植物写成了人格。|| 流行文化里梅同样常见：《鬼灭之刃》中炭治郎的耳饰与和服纹样正是麻叶与梅花，象征温柔坚韧；《火影忍者》春野樱的名字取自樱，而古风游戏与水墨动画则常以雪中红梅烘托清高孤傲的氛围。京剧大师梅兰芳的艺名，也取梅花之清雅。|| 梅开百花之先，被中国人赋予"凌寒独自开"的品格，花语为坚强、高洁与忠贞。它是四君子之首、岁寒三友之一，也是春节年宵花市的常客，一枝红梅插瓶，便是最含蓄的春信。
桃花	《诗经》以"桃之夭夭，灼灼其华"赞美新娘的明艳，桃花从此与婚恋、青春相连；陶渊明《桃花源记》更让"桃花源"成为理想田园的代名词，武陵人偶入的秘境，千百年来都是中国人心中"世外"的模样。唐代崔护"人面桃花相映红"的轶事，又让桃花多了一层怅惘的浪漫。|| 古装影视里桃花是仙侠标配：《三生三世十里桃花》的十里桃林、《仙剑奇侠传》的桃花场景，都是男女主角初遇或重逢的舞台；动漫《犬夜叉》的神木与穿越古井旁也有桃花点缀。桃花运、桃花面、桃花眼，这些词说明它早已从植物长成文化符号。|| 花语为爱情的俘虏与好运，民间更有"桃花开，好运来"的说法。春游踏青最难忘的画面，往往就是一场不期而遇的桃花雨。
樱花	樱花是日本文化最核心的意象，但它的故乡其实在中国。新海诚《秒速五厘米》里"樱花飘落的速度是每秒五厘米"成为一代人的青春暗语；《CLANNAD》的樱花坡道、《四月是你的谎言》中四月樱花下的相遇，都把樱花与"遇见与告别"绑在一起。|| 日本赏樱传统可追溯千年，俳句里的"花见"即指樱花。樱花花期极短，盛开三四日便飘落如雨，日本人由此领悟"物哀"——美在短暂，所以要用力珍惜。毕业季的樱花歌、旅人的樱花签，都是这种情绪的延伸。武汉大学樱花大道、上海顾村公园的樱花节，也让国内每年春天多了一场全民"花见"。|| 花语为生命与希望，也象征离别与重逢。樱花一开，春天便有了形状。
玫瑰	玫瑰大概是全世界出场率最高的花。《小王子》里，星球上那朵骄傲的玫瑰教会小王子"驯养"的意义——重要的东西用眼睛看不见，要用心；《美女与野兽》中，玻璃罩里的玫瑰是野兽爱情的赌注，花瓣落尽之日便是诅咒应验之时。古希腊神话里，红玫瑰由爱神阿佛洛狄忒的血染红，从此成为爱情的标配。|| 现实中玫瑰与月季常被混淆：花店里卖的"玫瑰"大多是现代杂交月季，真正的玫瑰更多用于玫瑰酱与精油。法国香水之都格拉斯以玫瑰为灵魂香调；电影《泰坦尼克号》中女主角的名字就是Rose，杰克为她画的素描成了影史名场面。|| 花语是热烈真挚的爱，也代表勇敢表达。情人节送玫瑰早已是全球默契，但比起数量，一朵被认真对待的玫瑰，也许更接近《小王子》里那只被驯养的玫瑰。
月季	月季在中国有个朴实的名字——月月红，因为它月月开花，几乎全年无休。它也是北京市花，北京街头巷尾随处可见。欧洲月季史上有一场著名的"革命"：十八世纪末中国月季传入欧洲，与当地蔷薇反复杂交，诞生了现代杂交茶香月季，花朵更大、花期更长，被誉为月季史上的分水岭。|| 影视剧里，月季常以"玫瑰"的身份登场：《甄嬛传》里后宫比的是牡丹，而现代都市剧的告白场景几乎人手一束"玫瑰"，那其实是月季切花。它皮实好养，是新手园丁的第一课，也是花店里永远不缺货的常青树。|| 花语为持之以恒与等待，象征"光荣与美艳长存"。不娇气、不缺席，是月季最动人的品质。
牡丹	牡丹是中国的"花中之王"。刘禹锡"唯有牡丹真国色，花开时节动京城"，写的是唐代长安人倾城赏牡丹的盛况；欧阳修《洛阳牡丹记》是现存最早的牡丹专著，"洛阳牡丹甲天下"流传至今。牡丹入画，是工笔花鸟的头号主角，寓意富贵吉祥。|| 《甄嬛传》里，华妃与皇后以牡丹比宠，一句"唯有牡丹真国色"道尽宫廷权力；现实中的牡丹则更从容：菏泽、洛阳每年举办牡丹花会，花田如锦，游客如织。民间把牡丹与玉兰、海棠、桂花并称"玉堂富贵"，年画里总少不了它。|| 花语为富贵、圆满与雍容华贵。它花期虽短，盛开时却气势夺人，一朵便撑起整个春天——这就是花中之王的气场。
芍药	芍药是中国的"爱情花"。三千年前《诗经·溱洧》里，青年男女春游相赠"勺药"（即芍药）以定情，比西方用玫瑰表白早了上千年；又因"将离"谐音与离别之意，古人把它当作送别之花，恋人与友人辞行时互赠芍药，寄托"愿君留步"的情意。|| 芍药与牡丹并称"花中二绝"，牡丹为花王、芍药为花相，两者同属芍药科、形态相近，最直观的区别是牡丹为木本、芍药为草本。近年芍药切花在花市走红，被称为"平价牡丹"，层层叠叠的花瓣尤其受婚纱摄影偏爱。|| 花语为依依惜别、情有所钟。古人赠芍药，今人买芍药，爱的表达从未变过。
荷花	周敦颐《爱莲说》一句"出淤泥而不染，濯清涟而不妖"，把荷花抬成了君子人格的象征，全文不过百余字，却被传诵了九百年。朱自清的《荷塘月色》让月光下的荷塘成为中国散文的经典场景；佛教艺术中，莲座是佛陀与菩萨的宝座，莲花因此兼具儒家的清正与佛家的圣洁。|| 流行文化里，荷花是"重生"的意象：《哪吒之魔童降世》中，哪吒以莲花化身重获新生；《白蛇传》的传说也与西湖莲荷相映。每年盛夏，西湖、大明湖的荷花节人潮如织，莲子、莲藕、荷叶茶，一株荷从花到根都被中国人用到了极致。|| 花语为纯洁、清廉与信仰。荷塘月色一铺开，暑气便消了一半。
睡莲	睡莲是印象派的缪斯。莫奈在吉维尼花园种下一池睡莲，从暮年画到视力模糊，留下约两百五十幅《睡莲》，如今挂在巴黎橘园美术馆的环形展厅里，被称为"印象派的西斯廷教堂"；他还画过日本桥与垂柳下的睡莲，东方浮世绘的构图深深影响了他。|| 睡莲与荷花常被混淆：睡莲叶片平贴水面且有缺口，花朵浮于或略高于水面，昼开夜合；荷花则亭亭出水，叶圆无缺。佛教"五树六花"中的莲，在热带常指睡莲，泰国等地的寺庙水塘里总少不了它。|| 花语为洁净、纯真与心灵的安宁。莫奈说他要画"无尽的水、无尽的光"，睡莲正是水与光写下的诗。
向日葵	梵高一生画过十一幅向日葵，金黄色的花盘成为艺术史上最炽热的符号，其中一幅在1987年以近四千万美元成交；电影《名侦探柯南：业火的向日葵》正是围绕梵高画作展开的悬疑故事。向日葵永远朝向太阳的特性，让它成为"追随光明"的代名词。|| 花语"沉默的爱"流传最广：希腊神话中，水泽仙女克吕提厄爱上太阳神阿波罗，每天仰望他驾车经过的天空，最终化为一朵向日葵，永远追着太阳。向日葵田也是影视常客——宫崎骏动画里的夏日田野、青春电影的小镇背景，都爱用它铺陈明亮的乡愁。|| 花语为忠诚、希望与沉默的爱。向日葵还有一个可爱的别名：转日莲。
菊花	菊花是"四君子"里最矛盾的一朵：陶渊明"采菊东篱下，悠然见南山"把它写成隐逸闲适的象征，黄巢"待到秋来九月八，我花开后百花杀"又赋予它杀伐豪气；元稹"不是花中偏爱菊，此花开尽更无花"则道尽秋菊的孤高。重阳赏菊、饮菊花酒是千年民俗。|| 在日本，十六瓣菊花是皇室纹章，"菊花王朝"的国号由此而来；中国开封的菊花文化节每年秋天以百万盆菊亮相，开封也因此被称为菊城。菊可入药入茶，杭白菊、贡菊是国人最熟悉的草本茶；《红楼梦》里大观园众人联句咏菊，一口气写出十二个菊题。|| 花语为高洁、长寿与傲霜。菊不争春，只在秋深时开成一片灿烂，是秋天写给冬天的信。
桂花	"桂子月中落，天香云外飘"，古人相信月中也有桂树，吴刚伐桂的传说流传千年；"蟾宫折桂"因此成了金榜题名的美谈，科举时代的读书人把桂花当好运的象征。桂花香极浓却不见花——米粒大的花朵藏在叶间，香气却能飘满整条街，所以又被称为"九里香"。|| 秋天是桂花的季节：杭州满觉陇的"桂花雨"闻名全国，桂花糕、桂花酿、桂花糖藕是江南餐桌的秋味；电视剧《甄嬛传》里，娘娘们桌上的桂花酿与桂花糖是宫廷生活的温柔点缀。桂与"贵"谐音，两桂并植寓意"双贵"，庭院里种桂，是中国人最朴素的愿望。|| 花语为收获、吉祥与永伴佳人。一树桂花，就是一座城市秋天的嗅觉记忆。
茉莉花	民歌《茉莉花》是中国流传最广的旋律之一，被意大利作曲家普契尼写进歌剧《图兰朵》，成为西方人最早认识的中国音乐符号；2004年雅典奥运会闭幕式、2008年北京奥运会颁奖仪式上，它都曾响起。茉莉花茶是北方人最熟悉的茶香，福建福州是茉莉花茶的发源地，茉莉花与绿茶窨制，香气清雅持久。|| 宋代诗人赞它"他年我若修花史，列作人间第一香"；江南女子把茉莉花串成手串、别在衣襟，是夏夜街头最温柔的风景，老上海的白兰花摊旁总少不了茉莉。|| 花语为质朴、纯洁与忠贞。茉莉谐音"莫离"，寓意不离不弃，是低调却有分量的小白花。
栀子花	栀子花是江南夏天的嗅觉标志：白花浓香，采一朵别在发间或放在案头，满室生凉。何炅演唱的《栀子花开》让栀子成了毕业季的符号，"栀子花开，so beautiful so white"唱的是青春散场；同名电影也以栀子花为线索。它花期恰逢毕业季，校园里栀子花开时，便是离别的季节。|| 栀子的实用价值同样惊人：果实是传统天然染料，染出的黄色曾用于皇家服饰；根、叶、果皆入药，中医用它清热泻火。它是茜草科植物，与咖啡是亲戚。|| 花语为永恒的爱与约定，也代表"喜悦"。花香越浓，花期越短，就像青春——正因为短暂，才格外用力地香。
百合	百合是"百年好合"的吉祥花，婚庆花束里几乎必有它；西方文化中，白百合是圣母玛利亚的象征，天使报喜的宗教画里常出现一支白百合，代表圣洁。百合鳞茎可食，兰州百合是著名特产，清甜无苦；中医百合固金汤以它为君药，润肺安神。|| 它也是艺术史常客：法国波旁王朝的纹章"金百合"实为鸢尾，但名称常与百合相混；诗人王维"尔丛香百合，一架粉长春"写庭院百合之美。香水百合花香浓郁，一支便能香满房间，是花店里最"有存在感"的香花。|| 花语为纯洁、庄严与祝福。百合谐音"百事合意"，送人百合，就是送人圆满。
郁金香	郁金香是荷兰的国花，但它的故乡其实是中亚与土耳其——奥斯曼帝国时期，苏丹的花园里便遍植郁金香，名字来自土耳其语"头巾"。十七世纪荷兰曾爆发著名的"郁金香狂热"：一颗稀有球根价格堪比豪宅，甚至引发经济泡沫，成为金融史上最早的大规模投机案例，如今读来仍像一则寓言。|| 法国作家大仲马写过长篇小说《黑郁金香》，故事围绕培育传说中的纯黑郁金香展开，是花与人性交织的经典。今天荷兰的库肯霍夫公园每年春天以数百万株郁金香铺成花海，是全世界爱花人的朝圣地。|| 花语为博爱、祝福与永恒的爱。郁金香看似高冷，其实是最容易养出成就感的球根花。
风信子	风信子的故事写在希腊神话里：美少年雅辛托斯同时被太阳神阿波罗和西风神泽菲罗斯喜爱，西风神出于嫉妒，用铁饼误杀了雅辛托斯，阿波罗悲痛万分，让他的血泊中开出风信子花，花瓣上仿佛还印着"哀"的纹路，雅辛托斯的名字便成了风信子的学名。|| 风信子是早春球根花，花序如彩色烛台，香气甜蜜，蓝紫粉白各色皆有，是水培入门的第一课——玻璃瓶里养一球，看着根须舒展、花箭抽高，是许多人第一次体会到"种花"的快乐。它花期不长，却把春天提前搬进了窗台。|| 花语为喜悦、生命与恒久不变的爱。只要记得浇水，它从不辜负等待。
铃兰	铃兰是法国人的"幸福花"：每年五月一日，法国人会互赠铃兰，据说收到铃兰的人会被幸福眷顾，这一传统可追溯到十六世纪。英国王室婚礼上，凯特王妃与戴安娜王妃的捧花里都有铃兰，白色小花成串垂下，优雅又圣洁。|| 铃兰全株有毒，却美得干净——它喜欢阴凉潮湿的林下，五月开花时如一串串小白铃，香气清甜却转瞬即逝，花期只有两三周。莫奈、马蒂斯都画过铃兰，日本把它叫作"君影草"，寓意"只愿守护你"。|| 花语为幸福归来、纯洁与守护。它的毒与美并存，提醒我们：越迷人的东西，越需要温柔对待。
薰衣草	薰衣草是普罗旺斯的紫色名片。法国南部成片的薰衣草田让"普罗旺斯"这个词自带香气，电影《又见一帘幽梦》与无数婚纱照都取景于此；动画与日剧里的紫色花田，也是浪漫场景的常客。它花语"等待爱情"，源自普罗旺斯一个传说：少女等待远征的恋人，从春等到冬，薰衣草开了一茬又一茬。|| 薰衣草精油是芳疗的入门香，安神助眠；薰衣草香包、花茶、沐浴用品遍布生活。它耐旱喜光，地中海气候是它的故乡，新疆伊犁则是中国的"薰衣草之乡"，每年六月紫色花海不输法国。|| 花语为宁静、守候与期待爱情。薰衣草开的不是花，是"慢慢等"的浪漫。
绣球花	绣球花团如绣球，颜色随土壤酸碱变化：酸性土开蓝花，碱性土开粉花，同一片花田里蓝粉渐变，是它最神奇的魔法。日本镰仓的明月院是著名的"紫阳花寺"，梅雨季里蓝紫花海漫过石阶；动画《言叶之庭》与《紫罗兰永恒花园》都有绣球花的温柔镜头，京都寺庙的紫阳花参道是动漫巡礼的热门地。|| 绣球花的名字很有故事：日语"紫阳花"出自白居易诗句，虽然白居易写的其实是另一种植物，但名字就这样留了下来。它花期从初夏绵延到入秋，切花能养很久，是花艺师的心头好。|| 花语为希望、团圆与多彩的缘分。绣球花教人接纳变化——无论蓝粉，都是美的。
紫藤	紫藤是暮春最浪漫的藤蔓。李白"紫藤挂云木，花蔓宜阳春"写它的飘逸；现代城市里，嘉定紫藤园、上海辰山植物园的紫藤长廊每到花期便挤满打卡的人，垂瀑般的紫色花穗随风轻晃，美得不真实。|| 动画《言叶之庭》里，新海诚用紫藤与雨景营造少年心事；《终将成为你》中，紫藤花廊见证两个少女的成长与靠近；《鬼灭之刃》里紫藤花纹被用来驱鬼，呼应它在日本文化中的"灵力"传说。紫藤寿命极长，日本足利花卉公园有一株一百五十多年的紫藤，花棚占地千余平方米，是"一生要看一次"的风景。|| 花语为沉迷的爱、执着的等待。紫藤垂落的姿态，像极了说不出口的心事。
杜鹃花	杜鹃花与杜鹃鸟同名，传说杜鹃鸟啼血染红满山花朵，李白"蜀国曾闻子规鸟，宣城还见杜鹃花"把这对千年搭档写进同一句诗。革命年代，"映山红"成了红色经典——电影《闪闪的红星》里那句"若要盼得哟红军来，岭上开遍哟映山红"，让漫山杜鹃成了希望与信仰的意象。|| 杜鹃是杜鹃花科的庞大家族：井冈山的映山红、贵州百里杜鹃风景区的花海、四川高山上的大树杜鹃，从平原开到海拔三千米。它还是比利时等国园艺师的心头好，西洋杜鹃便是中国杜鹃杂交培育的成果，冬季温室里开得轰轰烈烈。|| 花语为繁荣、热烈与思乡。杜鹃花开满山时，春天就有了颜色和声音。
山茶花	山茶是中国十大名花之一，云南"茶花甲天下"。小仲马《茶花女》中，玛格丽特随身佩戴一朵茶花，白色茶花出场、红色茶花谢幕，茶花成了她短暂而炽烈的生命符号，同名歌剧与电影改编过无数次。山茶花开在寒冬，凋谢时整朵落下、不散花瓣，被日本人称作"断头花"，寓意决绝与骄傲。|| 金庸《天龙八部》里，大理段氏的茶花名品如"十八学士""抓破美人脸"让读者神往；现实中云南山茶古树动辄数百年，楚雄有株千年茶花王。山茶品种上千，从单瓣到重瓣、从纯白到洒金，是园林与盆栽的双料贵族。|| 花语为谦逊、理想的爱与骄傲。茶花落地的姿态提醒我们：有些告别，要整朵进行。
水仙花	水仙花是春节的"岁朝清供"，一盆清水、几粒石子，便能在寒冬开出金盏银台。黄庭坚"凌波仙子生尘袜，水上盈盈步微月"把水仙比作洛水女神，因此水仙又叫"凌波仙子"。漳州水仙雕刻技艺闻名全国，把鳞茎刻出造型，花开时如蟠桃、如花篮，是闽南人过年的仪式感。|| 古希腊神话里，美少年那喀索斯临水自照，爱上自己的倒影，最终化为水仙花，英文名 narcissus 与"自恋"同源，心理学中的自恋人格便由此命名。|| 花语为思念、团圆与高洁。水仙花期从腊月开到正月，恰是中国人最看重团聚的日子——一盆水仙，便是"年"的味道。
玉兰	玉兰是早春第一批开花的树，白花如盏如玉，先花后叶，满树亭亭。上海把玉兰定为市花，市标上的白玉兰家喻户晓；北京颐和园乐寿堂前的古玉兰、西安慈恩寺的玉兰花，都是春天排队打卡的风景。王维《辛夷坞》"木末芙蓉花，山中发红萼"咏的辛夷，正是玉兰的近亲紫玉兰。|| 玉兰入画入诗，齐白石、吴昌硕都爱画它；民间把玉兰与海棠、牡丹、桂花组合，取"玉堂富贵"的好彩头。它花朵大而挺立，凋谢时花瓣整朵坠落，落地依然洁白，是一种有尊严的美。|| 花语为高洁、感恩与真挚的情谊。玉兰花开，像树上落满了白鸽。
海棠花	海棠是"花中神仙"。苏轼"只恐夜深花睡去，故烧高烛照红妆"，怕海棠睡着了错过它的美；"海棠春睡"的典故更让海棠与美人慵态相连，传说唐明皇曾以"海棠春睡"形容杨贵妃。它入画极美，工笔画里海棠配白头翁，寓意"白头富贵"。|| 《红楼梦》中，探春发起"海棠诗社"，大观园众人在白海棠下联诗，宝玉、黛玉、宝钗各逞诗才，是全书最风雅的一章；现实中西府海棠是北京春天的"市花级"风景，故宫、颐和园的海棠花道年年刷屏。|| 花语为温柔、思念与苦恋。海棠无香是文人雅事里的遗憾，却也因此多了一层欲说还休的美。
虞美人	虞美人的名字自带一段悲壮的爱情：传说楚霸王项羽兵败垓下，虞姬自刎相随，她倒下的地方开出鲜红的花朵，后人便叫它虞美人，京剧《霸王别姬》把这段故事唱了百年。李煜的《虞美人》词牌"春花秋月何时了"更是千古绝唱，一词一花，都姓了"虞"。|| 它是罂粟科的植物，却与制毒罂粟不同种、不产毒，可以放心观赏。花瓣薄如绢帛，风一吹便颤巍巍地抖，红得像要滴出血来。每年春天，虞美人花海是公园与郊野最艳丽的风景。|| 花语为生死相随的深情、安慰与告别。虞美人是花里的"红颜"，美得惊心，也美得短暂。
蒲公英	蒲公英是童年最熟悉的花：黄花谢后结出白色绒球，轻轻一吹，小伞便载着种子飞向远方。它是"会旅行的花"，种子带着降落伞般的冠毛，能飘出几公里，落地即生根。|| 它还是药食两用的宝藏：全草入药，清热解毒，俗称"婆婆丁"，是北方春天最常见的野菜，焯水凉拌或蘸酱，是许多人的乡愁味道；欧洲人则把蒲公英根烘焙成"咖啡"代用品。它看似平凡，却把"随遇而安"活成了生存智慧——墙角、石缝、田埂，哪里都能开花。|| 花语为自由、希望与无法停留的爱。吹散蒲公英的那一刻，我们许下的心愿，也随它飞向了远方。
雏菊	雏菊是欧洲原野最常见的白色小花，象征天真与纯洁。意大利把它定为国花；欧洲少女用雏菊占卜爱情，一片片摘着花瓣念"他爱我，不爱我"，这个桥段在无数电影里出现过。电影《雏菊》中，全智贤饰演的街头画家在阿姆斯特丹的雏菊花田里遇见两个男人，一场关于爱与误会的悲剧由此展开，雏菊花海成为影片最难忘的画面。|| 雏菊的花期很长，从春开到夏，生命力顽强，草地、路旁、石缝里都能见到。英语叫 daisy，来自"day's eye"——白日之眼，因为它昼开夜合，像一只凝视阳光的眼睛。|| 花语为纯真、希望与深藏心底的爱。它小小的，却从不缺席任何一个春天。
桔梗	桔梗是朝鲜族民歌《桔梗谣》的主角，"道拉基"唱的是少女采桔梗的欢快场景；它蓝紫色的花朵如铃铛，花苞鼓起像个小气球，捏一下会"啪"地裂开，是山野里最有趣的野花。它的根是韩国泡菜与药膳的常见食材，中医也用它宣肺利咽。|| 动漫《犬夜叉》中，桔梗是与戈薇同名的重要角色——守护四魂之玉的巫女，与犬夜叉的悲剧恋情贯穿全剧，"桔梗"二字因此成了无数观众心口的朱砂痣。日本把桔梗列入"秋七草"，是俳句与和歌里的常客。|| 花语为永恒的爱、无悔与诚实。桔梗的蓝是山野里最干净的蓝，见过一次就很难忘。
