# 故事补长清单 C：中文名 | 补充句（追加到原故事末尾）
虾脊兰	生于山野林下，花色绿紫褐，低调内秀，是兰科中的"山野隐士"。
萍蓬草	生于池塘静水，金黄小花浮水而开，根茎入药，是"水中金莲"。
大滨菊	原产欧洲，花大如轮白瓣黄心，初夏开放，切花水养可开一周。
麦秆菊	原产澳洲，花瓣硬如纸花，干后不褪色，是制作干花的经典材料。
黑种草	原产地中海，蓝花藏于细叶雾中，种子是中东面包的香料。
柳叶马鞭草	原产南美，紫花成球如紫雾，是网红"薰衣草花海"的常见替身。
圆叶牵牛	生于路旁篱笆，蓝紫喇叭晨开，是城市里"野生喇叭"的平凡美好。
打碗花	生于田埂路边，粉紫小喇叭朝开暮合，是童年"不能摘的花"。
月光花	原产热带美洲，白花入夜开放如绸，天明闭合，是"夜之白玫瑰"。
瓦松	生于瓦缝石墙，多肉如塔，粉白花穗，是古诗里的"瓦上青"。
大花葱	原产中亚，紫红花球硕大如棒棒糖，初夏开放，是花境的"摩天轮"。
金鱼草	原产地中海，花如金鱼张嘴，多彩花穗，是小朋友最爱的互动花。
火棘花	原产中国，白花成簇，秋冬红果满枝如焰，是冬季观果明星。
依兰花	原产东南亚，黄花细长香浓，是香水工业的"香水树之花"。
紫娇花	原产南非，叶如韭花如百合，紫红花球，花期从春到秋。
白及	生于林下阴湿处，粉紫花如兰丛生，根茎入药，是"药花双栖"的兰草。
德国洋甘菊	原产欧洲，比罗马洋甘菊更纤细，蓝香油是护肤品珍品。
蒲公英	生于路旁田野，黄花后变白绒球，种子随风远行，全草入药可食。
金鸡菊	原产北美，金黄成片，耐旱耐贫瘠，是公路边坡的"金光大道之花"。
肥皂草	原产欧洲，根含皂苷可洗衣，粉白花成簇，是"会起泡沫的野花"。
凤仙花	原产亚洲，花色缤纷，种荚一碰弹射，是染指甲的童年花。
红花酢浆草	原产南美，粉花如小伞，三叶常被唤作"三叶草"，春夏不断。
非洲紫罗兰	原产东非，紫粉蓝花四季可开，耐阴，是室内桌角的"国民花"。
高山杜鹃	生于高海拔山林，花大色艳，是云南四川的"花海之王"。
菖蒲花	生于水边湿地，叶如剑，是端午门前的绿剑，也是文人案头清供。
小丽花	大丽花迷你版，花色丰富，花期从夏到秋，是阳台花坛的"低维护美人"。
黑心金光菊	原产北美，金黄瓣紫黑心，花期夏秋，是草原生态花境的骨干。
天人菊	原产北美，红黄相间如火焰，耐旱耐盐，是沙地海滨的"小火炬"。
四季报春	报春花园艺种，花大色艳，几乎全年可开，是花市的"常春盆栽"。
五色梅	原产美洲热带，一球多色，耐热皮实，是南方花带与入侵植物。
紫云英	生于稻田，紫红小花如毯，是绿肥与蜜源，春耕前的紫色地毯。
豌豆花	生于菜园，白紫小花如蝶，是孟德尔遗传实验的主角之花。
金银花	原产中国，白花转金一蒂双花，清热解毒，是"鸳鸯藤"。
小苍兰	原产南非，花似漏斗香气清甜，是香水香调与早春切花。
球兰	原产亚洲热带，花球如蜡制绣球，垂吊盆栽，花蜜可滴落。
花毛茛	原产西亚，层层花瓣如牡丹，是花店春季最受欢迎的"洋牡丹"。
铁线莲	原产中国与日本，藤蔓如铁丝，花大如盘，是"藤本皇后"。
白车轴草	生于草坪，白花球，四叶是幸运传说，爱尔兰人视其为国草。
琼花	原产中国，白花如绣球，是扬州市花，传说隋炀帝三下扬州看琼花。
唐菖蒲	原产地中海与非洲，花穗挺拔如剑，是四大切花之一，寓意步步高升。
美人蕉	原产美洲热带，花大色艳，花期从夏到秋，是花带的"热情担当"。
硫华菊	波斯菊的黄色近亲，秋日金黄成片，撒种即开，是花海的"性价比之王"。
金光菊	原产北美，亮黄花瓣如阳光，耐旱好养，是夏日花境的"黄色勋章"。
荷兰菊	原产北美，蓝紫小花成片，秋日开放，是北方花境的"蓝色织锦"。
花菱草	原产北美，金黄铺满山谷，是加州州花，阳光下闪闪发亮。
马鞭草	原产欧洲，紫花小穗，是传说中驱魔护身的"魔法草"。
法国薰衣草	原产地中海，花穗顶部有"兔耳"苞片，香气浓，是精油与庭院热门。
洋桔梗	原产北美，花瓣层叠如玫瑰，是花店切花的"气质担当"，花期长。
花烟草	原产南美，花如小喇叭，傍晚香浓，是庭院"夜来香平替"。
木百合	原产南非，苞片金黄或紫红如烛台，是"fynbos"荒原植物群成员。
秋海棠	原产中国，粉花垂枝，是"断肠花"意象与林黛玉咏白海棠的渊源。
黄菖蒲	原产欧洲，黄花如旗生于水边，是湿地净化的"黄金旗"。
文心兰	原产中南美，花如跳舞少女，一枝数十朵，是花艺的活泼配角。
白掌	原产中南美，白帆佛焰苞，耐阴好养，是"一帆风顺"的幸运绿植。
松果菊	原产北美，紫粉花瓣下垂，花心如松果，是药草园与花境双栖明星。
百里香	原产地中海，叶香辛甜，是料理香草，也是骑士披风上的"勇气草"。
黄花风铃木	原产南美，早春满树金黄，花期短而震撼，是南国"黄金雨"。
文殊兰	生于热带海滨与庭院，白花如伞香浓，是佛前"五树六花"之一。
溪荪	生于溪畔，蓝紫花如缎，叶如剑，是湿地园林的优质素材。
鹤顶兰	生于林下湿地，花茎高耸，白花紫唇如鹤首，是兰科中的"高个"。
海芋花	生于热带林下，佛焰苞白绿如观音坐莲，全株有毒需远观。
茑萝	原产热带美洲，羽叶红花如五角星，是篱笆上精致的小星花。
矮牵牛	原产南美，花大色艳四季可开，是阳台与花坛的"开花机器"。
香豌豆	原产意大利，花色柔香清甜，是维多利亚花园的"香花贵族"。
葱兰	原产中南美，白花如莲，风雨后成片开放，是"风雨花"之一。
马蔺	生于草原盐碱地，蓝花如蝶，叶可编物，是绿化先锋与药草。
杓兰	生于高山草甸，唇瓣如小袋，是"仙履兰"，许多种类为保护植物。
金盏菊	原产地中海，橙黄花盘如杯，花期早春，花瓣入药护肤。
白头翁	生于山坡向阳处，紫花垂首，果毛如白头，是早春野花与中药。
补血草	生于盐碱地，紫花如星干后不褪，是永生花束的"不凋花"。
龙胆	生于高山草甸，蓝花如宝石朝天开，根极苦，是"高原蓝焰"。
紫茉莉	原产热带美洲，黄昏开花，种子如地雷，是"晚饭花"。
王莲	生于亚马逊，叶盘承重，花三日三变，是植物园的"水中大力士"。
玛格丽特	原产加那利群岛，白花黄心，花期长，是"占卜花"与庭院常客。
二月兰	生于林下路旁，紫花如毯，早春开放，是北大未名湖畔的经典春景。
木本曼陀罗	生于热带，花大如钟金黄下垂，香气夜晚更浓，全株有毒。
